{"cameraMode":{"drawMode":0,"name":"Shaded","section":"Shading Mode"},"sceneLighting":false,"audioPlay":false,"sceneViewState":{"m_AlwaysRefresh":false,"showFog":true,"showSkybox":false,"showFlares":true,"showImageEffects":true,"showParticleSystems":true,"showVisualEffectGraphs":true,"m_FxEnabled":true},"in2DMode":false,"pivot":{"x":0.22877585887908936,"y":1.718501329421997,"z":-2.9322686195373537},"rotation":{"x":-0.18370433151721955,"y":0.024176372215151788,"z":-0.004519551061093807,"w":-0.9826768040657044},"size":3.159134864807129,"orthographic":false}